,folds,test_auc,val_auc,test_acc,val_acc
0,1,0.810528681796943,0.8876714202052061,0.6408268733850129,0.7232142857142857
