,folds,test_auc,val_auc,test_acc,val_acc
0,1,0.8318862275449102,0.8026158238924196,0.7356948228882834,0.7477064220183487
