,folds,test_auc,val_auc,test_acc,val_acc
0,1,0.8351950354609929,0.9033687943262411,0.6781002638522428,0.8976744186046511
