,folds,test_auc,val_auc,test_acc,val_acc
0,1,0.6445824706694272,0.7078137332280978,0.8914728682170543,0.8425925925925926
