,folds,test_auc,val_auc,test_acc,val_acc
0,1,0.7912033509463,0.885493402895885,0.5297157622739018,0.71875
