,folds,test_auc,val_auc,test_acc,val_acc
0,1,0.7676047904191617,0.7497467071935158,0.662125340599455,0.7064220183486238
