,folds,test_auc,val_auc,test_acc,val_acc
0,1,0.87322695035461,0.913500506585613,0.7071240105540897,0.8790697674418605
