,folds,test_auc,val_auc,test_acc,val_acc
0,1,0.6653554175293306,0.7475927387529598,0.8914728682170543,0.8425925925925926
