,folds,test_auc,val_auc,test_acc,val_acc
0,1,0.6873706004140786,0.742225730071034,0.8914728682170543,0.8240740740740741
